{
  "IcoMoonType": "selection",
  "icons": [
    {
      "icon": {
        "paths": [
          "M519.721 0.813s-5.283 295.822-264.127 260.47c-243.81-33.321-252.749 154.006-252.343 261.283 0 106.057 8.94 294.603 252.343 261.283 258.844-35.352 264.127 236.495 264.127 236.495z"
        ],
        "attrs": [
          {}
        ],
        "width": 520,
        "isMulticolor": false,
        "isMulticolor2": false,
        "grid": 0,
        "tags": [
          "black"
        ],
        "colorPermutations": {
          "2552552551271431691": [
            {}
          ]
        }
      },
      "attrs": [
        {}
      ],
      "properties": {
        "order": 13,
        "id": 18,
        "name": "black",
        "prevSize": 32
      },
      "setIdx": 0,
      "setId": 0,
      "iconIdx": 2
    },
    {
      "icon": {
        "paths": [
          "M1024 0h-1024v1024h1024v-1024z"
        ],
        "attrs": [
          {}
        ],
        "isMulticolor": false,
        "isMulticolor2": false,
        "grid": 0,
        "tags": [
          "black-bckgr"
        ],
        "colorPermutations": {
          "2552552551271431691": [
            {}
          ]
        }
      },
      "attrs": [
        {}
      ],
      "properties": {
        "order": 14,
        "id": 17,
        "name": "black-bckgr",
        "prevSize": 32
      },
      "setIdx": 0,
      "setId": 0,
      "iconIdx": 3
    },
    {
      "icon": {
        "paths": [
          "M4.024 1024s5.813-291.102 290.208-252.199c268.297 36.667 273.216-170.369 277.687-287.525-4.472-117.156-9.838-324.192-277.687-287.525-284.842 38.903-290.655-194.515-290.655-194.515z"
        ],
        "attrs": [
          {
            "fill": "rgb(27, 143, 169)"
          }
        ],
        "width": 572,
        "isMulticolor": false,
        "isMulticolor2": false,
        "grid": 0,
        "tags": [
          "blue"
        ],
        "colorPermutations": {
          "2552552551271431691": [
            {
              "f": 0
            }
          ]
        }
      },
      "attrs": [
        {
          "fill": "rgb(27, 143, 169)"
        }
      ],
      "properties": {
        "order": 15,
        "id": 16,
        "name": "blue",
        "prevSize": 32
      },
      "setIdx": 0,
      "setId": 0,
      "iconIdx": 4
    },
    {
      "icon": {
        "paths": [
          "M1024 1024h-1024l1024-1024v1024z"
        ],
        "attrs": [
          {
            "fill": "rgb(27, 143, 169)"
          }
        ],
        "isMulticolor": false,
        "isMulticolor2": false,
        "grid": 0,
        "tags": [
          "blue-bckgr"
        ],
        "colorPermutations": {
          "2552552551271431691": [
            {
              "f": 0
            }
          ]
        }
      },
      "attrs": [
        {
          "fill": "rgb(27, 143, 169)"
        }
      ],
      "properties": {
        "order": 16,
        "id": 15,
        "name": "blue-bckgr",
        "prevSize": 32
      },
      "setIdx": 0,
      "setId": 0,
      "iconIdx": 5
    },
    {
      "icon": {
        "paths": [
          "M281.6 64c-12.8 0-25.6 0-25.6 12.8-12.8 12.8-12.8 12.8-12.8 25.6v588.8c0 25.6 12.8 38.4 38.4 38.4 89.6 0 243.2 25.6 358.4 128v-627.2c-102.4-140.8-268.8-166.4-358.4-166.4zM1088 704v-588.8c0-12.8 0-25.6-12.8-25.6-12.8-12.8-12.8-12.8-25.6-12.8-89.6 0-256 25.6-345.6 166.4v640c102.4-115.2 256-128 358.4-128 0-12.8 25.6-38.4 25.6-51.2z",
          "M1177.6 204.8h-25.6v499.2c0 51.2-51.2 102.4-102.4 102.4-76.8 0-204.8 12.8-294.4 102.4 153.6-38.4 320-12.8 422.4 12.8 12.8 0 25.6 0 38.4-12.8s12.8-12.8 12.8-25.6v-627.2c-12.8-38.4-25.6-51.2-51.2-51.2zM179.2 704v-499.2h-25.6c-25.6 0-38.4 12.8-38.4 38.4v627.2c0 12.8 0 25.6 12.8 25.6 12.8 12.8 25.6 12.8 38.4 12.8 89.6-25.6 256-51.2 422.4-12.8-89.6-89.6-217.6-102.4-294.4-102.4-64 12.8-115.2-38.4-115.2-89.6z"
        ],
        "attrs": [
          {
            "fill": "rgb(255, 255, 255)"
          },
          {
            "fill": "rgb(255, 255, 255)"
          }
        ],
        "width": 1280,
        "isMulticolor": false,
        "isMulticolor2": false,
        "grid": 0,
        "tags": [
          "book"
        ],
        "colorPermutations": {
          "2552552551271431691": [
            {
              "f": 1
            },
            {
              "f": 1
            }
          ]
        }
      },
      "attrs": [
        {
          "fill": "rgb(255, 255, 255)"
        },
        {
          "fill": "rgb(255, 255, 255)"
        }
      ],
      "properties": {
        "order": 17,
        "id": 14,
        "name": "book",
        "prevSize": 32
      },
      "setIdx": 0,
      "setId": 0,
      "iconIdx": 6
    },
    {
      "icon": {
        "paths": [
          "M140.8 908.8c25.6 12.8 64 0 102.4-12.8 64-25.6 140.8-76.8 204.8-140.8 51.2-51.2 140.8-76.8 230.4-76.8s192 25.6 230.4 76.8c76.8 64 140.8 115.2 204.8 140.8 38.4 12.8 76.8 25.6 102.4 12.8 38.4-12.8 64-38.4 76.8-76.8s25.6-102.4 25.6-179.2c0-76.8-12.8-153.6-38.4-230.4s-38.4-140.8-76.8-192c-115.2-192-230.4-166.4-384-128-51.2 12.8-102.4 25.6-153.6 25.6h-12.8c-51.2 0-102.4-12.8-153.6-25.6-140.8-38.4-268.8-64-384 128-25.6 51.2-51.2 128-76.8 192-25.6 76.8-38.4 153.6-38.4 230.4s0 140.8 25.6 179.2c51.2 38.4 76.8 64 115.2 76.8zM102.4 652.8c0-64 12.8-153.6 38.4-217.6 12.8-64 38.4-128 64-179.2 89.6-153.6 192-128 320-102.4 51.2 12.8 102.4 25.6 153.6 25.6h12.8c64 0 115.2-12.8 153.6-25.6 128-25.6 230.4-64 320 102.4 25.6 51.2 51.2 115.2 64 179.2 12.8 76.8 25.6 153.6 38.4 217.6 0 76.8 0 128-12.8 153.6s-25.6 38.4-38.4 38.4c-12.8 0-38.4 0-64-12.8-51.2-25.6-128-76.8-192-128-64-64-166.4-89.6-281.6-89.6-102.4 0-217.6 25.6-281.6 89.6s-128 115.2-192 128c-25.6 12.8-51.2 12.8-64 12.8s-25.6-12.8-38.4-38.4v-153.6z",
          "M294.4 499.2c0 25.6 12.8 38.4 25.6 64 12.8 12.8 38.4 25.6 64 25.6s51.2-12.8 64-25.6c12.8-12.8 25.6-38.4 25.6-64 25.6 0 38.4-12.8 64-25.6 12.8-12.8 25.6-38.4 25.6-64s-12.8-51.2-25.6-64c-12.8-12.8-38.4-25.6-64-25.6 0-25.6-12.8-38.4-25.6-51.2s-38.4-25.6-64-25.6-51.2 12.8-64 25.6c-12.8 12.8-25.6 38.4-25.6 64-25.6 0-38.4 12.8-64 25.6-12.8 12.8-25.6 38.4-25.6 64s12.8 51.2 25.6 64c25.6 0 38.4 12.8 64 12.8zM268.8 409.6c0-12.8 0-12.8 12.8-25.6 12.8 0 12.8-12.8 25.6-12.8h25.6c12.8 0 25.6-12.8 25.6-25.6v-25.6c0-12.8 0-12.8 12.8-25.6s12.8-12.8 25.6-12.8 12.8 0 25.6 12.8c0 12.8 12.8 12.8 12.8 25.6v25.6c0 12.8 12.8 25.6 25.6 25.6h25.6c12.8 0 12.8 0 25.6 12.8s12.8 12.8 12.8 25.6 0 12.8-12.8 25.6-12.8 12.8-25.6 12.8h-25.6c-12.8 0-25.6 12.8-25.6 25.6v25.6c0 12.8 0 12.8-12.8 25.6s-12.8 12.8-25.6 12.8-12.8 0-25.6-12.8-12.8-12.8-12.8-25.6v-25.6c0-12.8-12.8-25.6-25.6-25.6h-25.6c-12.8 0-12.8 0-25.6-12.8s-12.8-25.6-12.8-25.6zM972.8 230.4c25.6 0 51.2 25.6 51.2 51.2s-25.6 51.2-51.2 51.2-51.2-25.6-51.2-51.2c-12.8-25.6 12.8-51.2 51.2-51.2zM972.8 460.8c25.6 0 51.2 25.6 51.2 51.2s-25.6 51.2-51.2 51.2-51.2-25.6-51.2-51.2c-12.8-25.6 12.8-51.2 51.2-51.2zM857.6 345.6c25.6 0 51.2 25.6 51.2 51.2s-25.6 51.2-51.2 51.2-51.2-25.6-51.2-51.2c-12.8-25.6 12.8-51.2 51.2-51.2zM1075.2 345.6c25.6 0 51.2 25.6 51.2 51.2s-25.6 51.2-51.2 51.2-51.2-25.6-51.2-51.2 25.6-51.2 51.2-51.2z"
        ],
        "attrs": [
          {
            "fill": "rgb(255, 255, 255)"
          },
          {
            "fill": "rgb(255, 255, 255)"
          }
        ],
        "width": 1408,
        "isMulticolor": false,
        "isMulticolor2": false,
        "grid": 0,
        "tags": [
          "game"
        ],
        "colorPermutations": {
          "2552552551271431691": [
            {
              "f": 1
            },
            {
              "f": 1
            }
          ]
        }
      },
      "attrs": [
        {
          "fill": "rgb(255, 255, 255)"
        },
        {
          "fill": "rgb(255, 255, 255)"
        }
      ],
      "properties": {
        "order": 18,
        "id": 13,
        "name": "game",
        "prevSize": 32
      },
      "setIdx": 0,
      "setId": 0,
      "iconIdx": 7
    },
    {
      "icon": {
        "paths": [
          "M204.8 773.689c-11.378-11.378-22.756-11.378-22.756 0l-45.511 45.511c-11.378 11.378-11.378 22.756 0 22.756l56.889 56.889c11.378 11.378 22.756 11.378 22.756 0l45.511-45.511c11.378-11.378 11.378-22.756 0-22.756l-56.889-56.889zM193.422 853.333l-22.756-22.756 11.378-11.378 22.756 22.756-11.378 11.378zM238.933 728.178c-22.756-22.756-45.511 11.378-22.756 22.756l56.889 56.889c22.756 22.756 45.511-11.378 22.756-22.756l-56.889-56.889z",
          "M978.489 182.044l-22.756-22.756c22.756-11.378 22.756-22.756 22.756-34.133 0-22.756-22.756-22.756-34.133-22.756h-45.511l-22.756-22.756c-22.756-22.756-45.511 11.378-22.756 22.756h-11.378l-22.756-22.756c-22.756-22.756-45.511 11.378-22.756 22.756h-11.378l-11.378-11.378c-22.756-22.756-45.511 11.378-22.756 22.756 11.378 11.378 0 11.378 0 22.756l-11.378 45.511-238.933 238.933v-68.267c0-45.511 22.756-79.644 45.511-113.778 11.378-11.378 0-22.756-11.378-34.133-91.022-11.378-193.422 136.533-204.8 193.422 0 22.756 0 34.133-11.378 56.889s-45.511 34.133-68.267 34.133h-34.133c-22.756 0-45.511 0-68.267 11.378-45.511 11.378-79.644 34.133-102.4 79.644s-34.133 102.4-22.756 147.911c11.378 45.511 34.133 91.022 79.644 136.533 34.133 34.133 68.267 68.267 113.778 91.022s79.644 34.133 113.778 34.133c34.133 0 56.889-11.378 68.267-11.378 56.889-22.756 68.267-79.644 79.644-125.156 0-11.378 11.378-22.756 11.378-34.133 11.378-45.511 45.511-79.644 91.022-102.4 11.378 0 22.756-11.378 34.133-11.378 34.133-11.378 79.644-22.756 91.022-68.267 11.378-34.133-11.378-56.889-45.511-56.889l-91.022 11.378h-11.378l-11.378-11.378c0-11.378-11.378-22.756-11.378-34.133l284.444-284.444h34.133c11.378 0 22.756 0 22.756-11.378l11.378 11.378c22.756 22.756 45.511-11.378 22.756-22.756l-11.378-11.378s0-11.378 11.378-11.378l11.378 11.378c22.756 22.756 45.511-11.378 22.756-22.756l-22.756-22.756 11.378-11.378 22.756 22.756c22.756 34.133 45.511 11.378 22.756-11.378zM329.956 728.178l-22.756-22.756 455.111-455.111 22.756 22.756-455.111 455.111zM500.622 625.778c0 11.378 11.378 22.756 22.756 34.133h34.133l91.022-11.378c-11.378 22.756-45.511 34.133-68.267 45.511-11.378 0-22.756 11.378-34.133 11.378-45.511 22.756-91.022 68.267-113.778 125.156 0 11.378-11.378 22.756-11.378 34.133-11.378 45.511-22.756 79.644-56.889 102.4-45.511 22.756-113.778 0-136.533-22.756-68.267-34.133-147.911-113.778-170.667-204.8-11.378-34.133 0-79.644 22.756-113.778 11.378-22.756 34.133-45.511 79.644-56.889h91.022c45.511 0 79.644-22.756 102.4-56.889 11.378-11.378 11.378-34.133 11.378-56.889 11.378-45.511 34.133-91.022 68.267-125.156 22.756-22.756 45.511-45.511 56.889-45.511-11.378 22.756-22.756 56.889-34.133 91.022v102.4l-204.8 204.8c-11.378 11.378-11.378 22.756 0 22.756l56.889 56.889c11.378 11.378 22.756 11.378 22.756 0l159.289-159.289c11.378 11.378 11.378 11.378 11.378 22.756 11.378 11.378 0-11.378 0 0zM841.956 238.933h-34.133l-34.133-34.133 11.378-34.133c11.378-11.378 34.133-22.756 79.644-22.756h56.889c-34.133 22.756-56.889 68.267-68.267 91.022h-11.378z",
          "M159.289 648.533c11.378 0 11.378-11.378 11.378-22.756s-11.378-11.378-22.756-11.378c-22.756 11.378-68.267 22.756-68.267 79.644 0 22.756 34.133 22.756 34.133 0 11.378-34.133 22.756-34.133 45.511-45.511 11.378 0-22.756 11.378 0 0zM227.556 637.156c11.378 0 22.756-11.378 22.756-22.756s-11.378-22.756-22.756-22.756-22.756 11.378-22.756 22.756c11.378 11.378 11.378 22.756 22.756 22.756z"
        ],
        "attrs": [
          {
            "fill": "rgb(255, 255, 255)"
          },
          {
            "fill": "rgb(255, 255, 255)"
          },
          {
            "fill": "rgb(255, 255, 255)"
          }
        ],
        "isMulticolor": false,
        "isMulticolor2": false,
        "grid": 0,
        "tags": [
          "guitar"
        ],
        "colorPermutations": {
          "2552552551271431691": [
            {
              "f": 1
            },
            {
              "f": 1
            },
            {
              "f": 1
            }
          ]
        }
      },
      "attrs": [
        {
          "fill": "rgb(255, 255, 255)"
        },
        {
          "fill": "rgb(255, 255, 255)"
        },
        {
          "fill": "rgb(255, 255, 255)"
        }
      ],
      "properties": {
        "order": 19,
        "id": 12,
        "name": "guitar",
        "prevSize": 32
      },
      "setIdx": 0,
      "setId": 0,
      "iconIdx": 8
    },
    {
      "icon": {
        "paths": [
          "M243.2 524.8v345.6c0 25.6 12.8 38.4 38.4 38.4s38.4-12.8 38.4-38.4v-345.6c0-25.6-12.8-38.4-38.4-38.4-25.6 12.8-38.4 25.6-38.4 38.4z",
          "M128 908.8h76.8v-409.6c0-179.2 140.8-320 320-320s320 140.8 320 320v422.4h76.8c51.2 0 102.4-51.2 102.4-102.4v-217.6c0-51.2-25.6-89.6-76.8-102.4 0-230.4-192-422.4-435.2-422.4-230.4 0-422.4 192-435.2 422.4-38.4 12.8-76.8 51.2-76.8 102.4v217.6c25.6 51.2 64 89.6 128 89.6z",
          "M742.4 524.8v345.6c0 25.6 12.8 38.4 38.4 38.4s38.4-12.8 38.4-38.4v-345.6c0-25.6-12.8-38.4-38.4-38.4-25.6 12.8-38.4 25.6-38.4 38.4z"
        ],
        "attrs": [
          {
            "fill": "rgb(255, 255, 255)"
          },
          {
            "fill": "rgb(255, 255, 255)"
          },
          {
            "fill": "rgb(255, 255, 255)"
          }
        ],
        "isMulticolor": false,
        "isMulticolor2": false,
        "grid": 0,
        "tags": [
          "headphones"
        ],
        "colorPermutations": {
          "2552552551271431691": [
            {
              "f": 1
            },
            {
              "f": 1
            },
            {
              "f": 1
            }
          ]
        }
      },
      "attrs": [
        {
          "fill": "rgb(255, 255, 255)"
        },
        {
          "fill": "rgb(255, 255, 255)"
        },
        {
          "fill": "rgb(255, 255, 255)"
        }
      ],
      "properties": {
        "order": 20,
        "id": 11,
        "name": "headphones",
        "prevSize": 32
      },
      "setIdx": 0,
      "setId": 0,
      "iconIdx": 9
    },
    {
      "icon": {
        "paths": [
          "M518.4 998.4c275.701 0 499.2-223.499 499.2-499.2s-223.499-499.2-499.2-499.2v0c-275.701 0-499.2 223.499-499.2 499.2s223.499 499.2 499.2 499.2v0z",
          "M518.4 966.4c-256 0-467.2-211.2-467.2-467.2s211.2-467.2 467.2-467.2 467.2 211.2 467.2 467.2c0 262.4-211.2 467.2-467.2 467.2zM518.4 51.2c-249.6 0-454.4 204.8-454.4 454.4s204.8 454.4 454.4 454.4c249.6 0 454.4-204.8 454.4-454.4 0-256-204.8-454.4-454.4-454.4z"
        ],
        "attrs": [
          {
            "fill": "rgb(27, 143, 169)"
          },
          {
            "fill": "rgb(255, 255, 255)"
          }
        ],
        "isMulticolor": true,
        "isMulticolor2": false,
        "grid": 0,
        "tags": [
          "hobbies"
        ],
        "colorPermutations": {
          "2552552551271431691": [
            {
              "f": 0
            },
            {
              "f": 1
            }
          ]
        }
      },
      "attrs": [
        {
          "fill": "rgb(27, 143, 169)"
        },
        {
          "fill": "rgb(255, 255, 255)"
        }
      ],
      "properties": {
        "order": 21,
        "id": 10,
        "name": "hobbies",
        "prevSize": 32
      },
      "setIdx": 0,
      "setId": 0,
      "iconIdx": 10
    },
    {
      "icon": {
        "paths": [
          "M819.2 541.257l-234.057-146.286h-14.629l-14.629 14.629v292.571c0 14.629 0 14.629 14.629 14.629h29.257l234.057-146.286 14.629-14.629c-14.629 0-29.257-14.629-29.257-14.629zM599.771 672.914v-219.429l175.543 102.4-175.543 117.029z",
          "M1243.429 73.143h-1184.914c-14.629 0-14.629 14.629-14.629 14.629v921.6c0 14.629 14.629 14.629 14.629 14.629h1184.914c14.629 0 14.629-14.629 14.629-14.629v-921.6c14.629 0 0-14.629-14.629-14.629zM263.314 541.257h-175.543v-190.171h175.543v190.171zM87.771 585.143h175.543v190.171h-175.543v-190.171zM307.2 789.943v-672.914h716.8v892.343h-716.8v-219.429zM1228.8 541.257h-175.543v-190.171h175.543v190.171zM1067.886 585.143h175.543v190.171h-175.543v-190.171zM1228.8 117.029v190.171h-175.543v-190.171h175.543zM87.771 117.029h175.543v190.171h-175.543v-190.171zM87.771 1009.371v-190.171h175.543v190.171h-175.543zM1228.8 1009.371h-175.543v-190.171h175.543v190.171z"
        ],
        "attrs": [
          {
            "fill": "rgb(255, 255, 255)"
          },
          {
            "fill": "rgb(255, 255, 255)"
          }
        ],
        "width": 1317,
        "isMulticolor": false,
        "isMulticolor2": false,
        "grid": 0,
        "tags": [
          "movie"
        ],
        "colorPermutations": {
          "2552552551271431691": [
            {
              "f": 1
            },
            {
              "f": 1
            }
          ]
        }
      },
      "attrs": [
        {
          "fill": "rgb(255, 255, 255)"
        },
        {
          "fill": "rgb(255, 255, 255)"
        }
      ],
      "properties": {
        "order": 22,
        "id": 9,
        "name": "movie",
        "prevSize": 32
      },
      "setIdx": 0,
      "setId": 0,
      "iconIdx": 11
    },
    {
      "icon": {
        "paths": [
          "M614.4 512c14.629 0 14.629 14.629 14.629 14.629 0 14.629-14.629 14.629-14.629 14.629-14.629 0-14.629-14.629-14.629-14.629 0-14.629 14.629-14.629 14.629-14.629zM643.657 614.4c0-14.629 0-14.629-14.629-14.629s-14.629 0-14.629 14.629c0 29.257-29.257 58.514-73.143 73.143s-102.4 14.629-146.286-29.257c0 0-14.629-14.629-29.257 0 0 0-14.629 14.629 0 29.257 14.629 29.257 43.886 43.886 87.771 43.886h43.886c14.629 0 43.886 0 58.514-14.629 43.886-14.629 73.143-43.886 87.771-102.4z",
          "M863.086 438.857c-29.257-43.886-73.143-58.514-131.657-73.143 43.886-29.257 87.771-73.143 131.657-102.4 43.886-43.886 58.514-73.143 43.886-102.4s-58.514-29.257-131.657 0c-58.514 29.257-146.286 58.514-234.057 102.4-14.629 14.629-29.257 14.629-43.886 29.257-14.629-29.257 0-58.514 14.629-87.771 14.629-14.629 14.629-43.886 14.629-73.143-14.629-29.257-29.257-43.886-73.143-43.886-102.4 0-219.429 43.886-292.571 117.029-87.771 73.143-131.657 175.543-146.286 292.571-14.629 131.657 29.257 248.686 117.029 351.086 87.771 87.771 204.8 146.286 336.457 146.286 73.143 0 131.657-14.629 190.171-43.886s102.4-58.514 146.286-87.771c43.886-43.886 58.514-87.771 87.771-131.657 14.629-43.886 29.257-87.771 29.257-146.286 0-43.886-14.629-102.4-58.514-146.286zM570.514 307.2c73.143-43.886 146.286-73.143 219.429-102.4s102.4-29.257 102.4-14.629c0 0 0 29.257-43.886 58.514s-87.771 73.143-146.286 117.029c-14.629 14.629-43.886 29.257-58.514 29.257l-87.771 43.886c0-14.629-14.629-29.257-14.629-43.886-14.629-14.629-14.629-29.257-29.257-43.886 14.629 0 14.629-14.629 29.257-14.629-14.629 0 0-14.629 29.257-29.257zM365.714 512c0-14.629 0-14.629-14.629-29.257 0-14.629-14.629-14.629-14.629-14.629 29.257-29.257 73.143-58.514 117.029-87.771 14.629 14.629 14.629 29.257 29.257 43.886s14.629 29.257 14.629 43.886c-43.886 14.629-87.771 43.886-131.657 43.886zM307.2 482.743c14.629 0 14.629 14.629 14.629 14.629 0 14.629 14.629 14.629 0 29.257 0 14.629-14.629 29.257-29.257 43.886s-73.143 14.629-117.029 14.629c14.629-43.886 58.514-87.771 73.143-102.4h58.514zM892.343 614.4c0 175.543-160.914 365.714-409.6 365.714-117.029 0-234.057-43.886-307.2-131.657s-117.029-204.8-102.4-321.829c14.629-204.8 204.8-380.343 409.6-380.343 14.629 0 29.257 0 29.257 14.629v29.257c-29.257 43.886-43.886 87.771-14.629 131.657-14.629 0-14.629 14.629-29.257 14.629-58.514 43.886-102.4 73.143-131.657 102.4-29.257-14.629-43.886 0-73.143 0-43.886 14.629-87.771 117.029-87.771 146.286v14.629l14.629 14.629h73.143c43.886 0 73.143 0 102.4-14.629 14.629-14.629 43.886-29.257 43.886-58.514 43.886-14.629 102.4-29.257 160.914-58.514 29.257-14.629 73.143-29.257 102.4-58.514 14.629-14.629 29.257-14.629 58.514-29.257 102.4 14.629 160.914 117.029 160.914 219.429z",
          "M336.457 351.086c43.886 0 73.143-29.257 73.143-73.143s-29.257-73.143-73.143-73.143-73.143 29.257-73.143 73.143 29.257 73.143 73.143 73.143zM336.457 248.686c14.629 0 29.257 14.629 29.257 29.257s-14.629 29.257-29.257 29.257-29.257-14.629-29.257-29.257 14.629-29.257 29.257-29.257zM248.686 687.543c-43.886 0-73.143 29.257-73.143 73.143s29.257 73.143 73.143 73.143 73.143-29.257 73.143-73.143-29.257-73.143-73.143-73.143zM248.686 789.943c-14.629 0-29.257-14.629-29.257-29.257s14.629-29.257 29.257-29.257 29.257 14.629 29.257 29.257-14.629 29.257-29.257 29.257zM424.229 789.943c-43.886 0-73.143 29.257-73.143 73.143s29.257 73.143 73.143 73.143 73.143-29.257 73.143-73.143c0-29.257-29.257-73.143-73.143-73.143zM424.229 906.971c-14.629 0-29.257-14.629-29.257-29.257s14.629-29.257 29.257-29.257 29.257 14.629 29.257 29.257-14.629 29.257-29.257 29.257zM643.657 760.686c-43.886 0-73.143 29.257-73.143 73.143s29.257 73.143 73.143 73.143 73.143-29.257 73.143-73.143c-14.629-43.886-43.886-73.143-73.143-73.143zM643.657 863.086c-14.629 0-29.257-14.629-29.257-29.257s14.629-29.257 29.257-29.257 29.257 14.629 29.257 29.257-14.629 29.257-29.257 29.257zM775.314 585.143c-43.886 0-73.143 29.257-73.143 73.143s29.257 73.143 73.143 73.143 73.143-29.257 73.143-73.143-29.257-73.143-73.143-73.143zM775.314 687.543c-14.629 0-29.257-14.629-29.257-29.257s14.629-29.257 29.257-29.257 29.257 14.629 29.257 29.257c14.629 14.629 0 29.257-29.257 29.257z"
        ],
        "attrs": [
          {
            "fill": "rgb(255, 255, 255)"
          },
          {
            "fill": "rgb(255, 255, 255)"
          },
          {
            "fill": "rgb(255, 255, 255)"
          }
        ],
        "isMulticolor": false,
        "isMulticolor2": false,
        "grid": 0,
        "tags": [
          "paint"
        ],
        "colorPermutations": {
          "2552552551271431691": [
            {
              "f": 1
            },
            {
              "f": 1
            },
            {
              "f": 1
            }
          ]
        }
      },
      "attrs": [
        {
          "fill": "rgb(255, 255, 255)"
        },
        {
          "fill": "rgb(255, 255, 255)"
        },
        {
          "fill": "rgb(255, 255, 255)"
        }
      ],
      "properties": {
        "order": 31,
        "id": 8,
        "name": "paint",
        "prevSize": 32
      },
      "setIdx": 0,
      "setId": 0,
      "iconIdx": 12
    },
    {
      "icon": {
        "paths": [
          "M1011.2 243.2h-153.6l-64-179.2h-435.2l-64 179.2h-38.4v-89.6h-102.4v89.6h-25.6c-51.2 0-76.8 38.4-76.8 76.8v512c0 51.2 38.4 89.6 89.6 89.6h870.4c51.2 0 89.6-38.4 89.6-89.6v-512c-12.8-38.4-51.2-76.8-89.6-76.8zM192 192h38.4v51.2h-38.4v-51.2zM1049.6 832c0 25.6-25.6 51.2-51.2 51.2h-870.4c-25.6 0-51.2-25.6-51.2-51.2v-512c0-25.6 25.6-51.2 51.2-51.2h166.4l64-179.2h396.8l64 179.2h166.4c25.6 0 51.2 25.6 51.2 51.2v512h12.8z",
          "M563.2 217.6c-166.4 0-307.2 140.8-307.2 307.2s140.8 307.2 307.2 307.2c166.4 0 307.2-140.8 307.2-307.2 12.8-166.4-128-307.2-307.2-307.2zM563.2 806.4c-153.6 0-281.6-128-281.6-281.6s128-281.6 281.6-281.6c153.6 0 281.6 128 281.6 281.6 0 166.4-128 281.6-281.6 281.6z",
          "M563.2 320c-115.2 0-204.8 89.6-204.8 204.8s89.6 204.8 204.8 204.8c115.2 0 204.8-89.6 204.8-204.8 12.8-102.4-89.6-204.8-204.8-204.8zM563.2 704c-89.6 0-179.2-76.8-179.2-179.2 0-89.6 76.8-179.2 179.2-179.2s179.2 76.8 179.2 179.2c0 102.4-76.8 179.2-179.2 179.2zM947.2 307.2c-38.4 0-64 25.6-64 64s25.6 64 64 64 64-25.6 64-64c12.8-38.4-25.6-64-64-64zM947.2 409.6c-12.8 0-38.4-12.8-38.4-38.4 0-12.8 12.8-38.4 38.4-38.4 12.8 0 38.4 12.8 38.4 38.4s-12.8 38.4-38.4 38.4z"
        ],
        "attrs": [
          {
            "fill": "rgb(255, 255, 255)"
          },
          {
            "fill": "rgb(255, 255, 255)"
          },
          {
            "fill": "rgb(255, 255, 255)"
          }
        ],
        "width": 1152,
        "isMulticolor": false,
        "isMulticolor2": false,
        "grid": 0,
        "tags": [
          "photo"
        ],
        "colorPermutations": {
          "2552552551271431691": [
            {
              "f": 1
            },
            {
              "f": 1
            },
            {
              "f": 1
            }
          ]
        }
      },
      "attrs": [
        {
          "fill": "rgb(255, 255, 255)"
        },
        {
          "fill": "rgb(255, 255, 255)"
        },
        {
          "fill": "rgb(255, 255, 255)"
        }
      ],
      "properties": {
        "order": 30,
        "id": 7,
        "name": "photo",
        "prevSize": 32
      },
      "setIdx": 0,
      "setId": 0,
      "iconIdx": 13
    },
    {
      "icon": {
        "paths": [
          "M507.904 39.652l-478.72 478.72 478.72 478.663 478.663-478.663-478.663-478.72z",
          "M506.311 967.111l-443.733-443.733 443.733-443.733 443.733 443.733-443.733 443.733zM79.644 523.378l426.667 426.667 426.667-426.667-426.667-426.667-426.667 426.667z"
        ],
        "attrs": [
          {
            "fill": "rgb(27, 143, 169)"
          },
          {
            "fill": "rgb(255, 255, 255)"
          }
        ],
        "isMulticolor": true,
        "isMulticolor2": false,
        "grid": 0,
        "tags": [
          "romb"
        ],
        "colorPermutations": {
          "2552552551271431691": [
            {
              "f": 0
            },
            {
              "f": 1
            }
          ]
        }
      },
      "attrs": [
        {
          "fill": "rgb(27, 143, 169)"
        },
        {
          "fill": "rgb(255, 255, 255)"
        }
      ],
      "properties": {
        "order": 29,
        "id": 6,
        "name": "romb",
        "prevSize": 32
      },
      "setIdx": 0,
      "setId": 0,
      "iconIdx": 14
    },
    {
      "icon": {
        "paths": [
          "M1706.667 341.333c-17.067-17.067-34.133-34.133-68.267-34.133h-34.133v-34.133c0-51.2-51.2-102.4-102.4-102.4h-51.2v-51.2c0-34.133-17.067-51.2-34.133-68.267-34.133-34.133-102.4-34.133-136.533 0-17.067 17.067-34.133 51.2-34.133 68.267v256h-665.6v-256c0-34.133-17.067-51.2-34.133-68.267-34.133-34.133-102.4-34.133-136.533 0-17.067 17.067-34.133 51.2-34.133 68.267v51.2h-51.2c-34.133 0-51.2 17.067-68.267 34.133s-34.133 34.133-34.133 68.267v34.133h-51.2c-17.067 0-51.2 17.067-68.267 34.133s-17.067 51.2-17.067 68.267v153.6c0 34.133 17.067 51.2 17.067 68.267 17.067 17.067 34.133 34.133 68.267 34.133h34.133v34.133c0 17.067 17.067 51.2 34.133 68.267s51.2 34.133 68.267 34.133h51.2v51.2c0 34.133 17.067 51.2 34.133 68.267s51.2 34.133 68.267 34.133c34.133 0 51.2-17.067 68.267-34.133s34.133-51.2 34.133-68.267v-256h665.6v256c0 34.133 17.067 51.2 34.133 68.267s51.2 34.133 68.267 34.133c34.133 0 51.2-17.067 68.267-34.133s34.133-51.2 34.133-68.267v-51.2h51.2c51.2 0 102.4-51.2 102.4-102.4v-34.133h34.133c17.067 0 51.2-17.067 68.267-34.133s17.067-51.2 17.067-68.267v-153.6c17.067-34.133 17.067-51.2 0-68.267zM170.667 614.4c-17.067 0-17.067 0-34.133-17.067s-17.067-17.067-17.067-34.133v-153.6c0-17.067 0-34.133 17.067-34.133 0-17.067 17.067-17.067 34.133-17.067h34.133v256h-34.133zM307.2 733.867c-17.067 0-17.067 0-34.133-17.067 0 0-17.067-17.067-17.067-34.133v-426.667c0-17.067 0-17.067 17.067-34.133 17.067 0 17.067-17.067 34.133-17.067h51.2v512h-51.2v17.067zM529.067 853.333c0 17.067 0 17.067-17.067 34.133s-51.2 17.067-68.267 0c-17.067-17.067-17.067-17.067-17.067-34.133v-733.867c0-17.067 0-17.067 17.067-34.133s17.067-17.067 34.133-17.067 34.133 0 34.133 17.067 17.067 17.067 17.067 34.133v733.867zM580.267 529.067v-102.4h665.6v102.4h-665.6zM1399.467 853.333c0 17.067 0 17.067-17.067 34.133s-51.2 17.067-68.267 0c-17.067-17.067-17.067-17.067-17.067-34.133v-733.867c0-17.067 0-17.067 17.067-34.133s17.067-17.067 34.133-17.067 34.133 0 34.133 17.067 17.067 17.067 17.067 34.133v733.867zM1553.067 699.733c0 34.133-17.067 51.2-51.2 51.2h-51.2v-512h51.2c34.133 0 51.2 17.067 51.2 51.2v409.6zM1672.533 563.2c0 17.067 0 34.133-17.067 34.133 0 17.067-17.067 17.067-34.133 17.067h-34.133v-256h34.133c17.067 0 17.067 0 34.133 17.067 0 17.067 17.067 17.067 17.067 34.133v153.6z"
        ],
        "attrs": [
          {
            "fill": "rgb(255, 255, 255)"
          }
        ],
        "width": 1877,
        "isMulticolor": false,
        "isMulticolor2": false,
        "grid": 0,
        "tags": [
          "sport"
        ],
        "colorPermutations": {
          "2552552551271431691": [
            {
              "f": 1
            }
          ]
        }
      },
      "attrs": [
        {
          "fill": "rgb(255, 255, 255)"
        }
      ],
      "properties": {
        "order": 28,
        "id": 5,
        "name": "sport",
        "prevSize": 32
      },
      "setIdx": 0,
      "setId": 0,
      "iconIdx": 15
    },
    {
      "icon": {
        "paths": [
          "M526.629 146.286l87.771 292.571h307.2l-248.686 175.543 102.4 292.571-248.686-175.543-248.686 175.543 102.4-292.571-248.686-175.543h307.2l87.771-292.571z"
        ],
        "attrs": [
          {
            "stroke": "rgb(255, 255, 255)",
            "strokeLinejoin": "miter",
            "strokeLinecap": "butt",
            "strokeMiterlimit": "10",
            "strokeWidth": 36.57142857142857
          }
        ],
        "isMulticolor": false,
        "isMulticolor2": false,
        "grid": 0,
        "tags": [
          "star-black"
        ],
        "colorPermutations": {
          "2552552551271431691": [
            {
              "s": 1
            }
          ]
        }
      },
      "attrs": [
        {
          "stroke": "rgb(255, 255, 255)",
          "strokeLinejoin": "miter",
          "strokeLinecap": "butt",
          "strokeMiterlimit": "10",
          "strokeWidth": 36.57142857142857
        }
      ],
      "properties": {
        "order": 27,
        "id": 4,
        "name": "star-black",
        "prevSize": 32
      },
      "setIdx": 0,
      "setId": 0,
      "iconIdx": 16
    },
    {
      "icon": {
        "paths": [
          "M541.257 102.4l87.771 277.943h307.2l-248.686 175.543 102.4 292.571-248.686-175.543-248.686 175.543 87.771-292.571-234.057-175.543h292.571l102.4-277.943z"
        ],
        "attrs": [
          {
            "fill": "rgb(27, 143, 169)",
            "stroke": "rgb(255, 255, 255)",
            "strokeLinejoin": "miter",
            "strokeLinecap": "butt",
            "strokeMiterlimit": "10",
            "strokeWidth": 36.57142857142857
          }
        ],
        "isMulticolor": false,
        "isMulticolor2": false,
        "grid": 0,
        "tags": [
          "star-transp"
        ],
        "colorPermutations": {
          "2552552551271431691": [
            {
              "f": 0,
              "s": 1
            }
          ]
        }
      },
      "attrs": [
        {
          "fill": "rgb(27, 143, 169)",
          "stroke": "rgb(255, 255, 255)",
          "strokeLinejoin": "miter",
          "strokeLinecap": "butt",
          "strokeMiterlimit": "10",
          "strokeWidth": 36.57142857142857
        }
      ],
      "properties": {
        "order": 26,
        "id": 3,
        "name": "star-transp",
        "prevSize": 32
      },
      "setIdx": 0,
      "setId": 0,
      "iconIdx": 17
    },
    {
      "icon": {
        "paths": [
          "M2474.164 22.625h-2439.957v972.44h2439.957v-972.44z"
        ],
        "attrs": [
          {
            "fill": "none",
            "strokeLinejoin": "miter",
            "strokeLinecap": "butt",
            "strokeMiterlimit": "10",
            "strokeWidth": 44.198054054054055
          }
        ],
        "width": 2505,
        "isMulticolor": false,
        "isMulticolor2": false,
        "grid": 0,
        "tags": [
          "svg-border"
        ],
        "colorPermutations": {
          "2552552551271431691": [
            {
              "s": 0
            }
          ]
        }
      },
      "attrs": [
        {
          "fill": "none",
          "strokeLinejoin": "miter",
          "strokeLinecap": "butt",
          "strokeMiterlimit": "10",
          "strokeWidth": 44.198054054054055
        }
      ],
      "properties": {
        "order": 25,
        "id": 2,
        "name": "svg-border",
        "prevSize": 32
      },
      "setIdx": 0,
      "setId": 0,
      "iconIdx": 18
    },
    {
      "icon": {
        "paths": [
          "M204.032 535.296h126258.944"
        ],
        "attrs": [
          {
            "fill": "none",
            "strokeLinejoin": "miter",
            "strokeLinecap": "butt",
            "strokeMiterlimit": "10",
            "strokeWidth": 817.664
          }
        ],
        "width": 126464,
        "isMulticolor": false,
        "isMulticolor2": false,
        "grid": 0,
        "tags": [
          "svg-line"
        ],
        "colorPermutations": {
          "2552552551271431691": [
            {
              "s": 0
            }
          ]
        }
      },
      "attrs": [
        {
          "fill": "none",
          "strokeLinejoin": "miter",
          "strokeLinecap": "butt",
          "strokeMiterlimit": "10",
          "strokeWidth": 817.664
        }
      ],
      "properties": {
        "order": 24,
        "id": 1,
        "name": "svg-line",
        "prevSize": 32
      },
      "setIdx": 0,
      "setId": 0,
      "iconIdx": 19
    },
    {
      "icon": {
        "paths": [
          "M12.575 2.041v1016.582"
        ],
        "attrs": [
          {
            "fill": "none",
            "stroke": "rgb(27, 143, 169)",
            "strokeLinejoin": "miter",
            "strokeLinecap": "butt",
            "strokeMiterlimit": "10",
            "strokeWidth": 11.764949640287771
          }
        ],
        "width": 22,
        "isMulticolor": false,
        "isMulticolor2": false,
        "grid": 0,
        "tags": [
          "vertical-line"
        ],
        "colorPermutations": {
          "2552552551271431691": [
            {
              "s": 0
            }
          ]
        }
      },
      "attrs": [
        {
          "fill": "none",
          "stroke": "rgb(27, 143, 169)",
          "strokeLinejoin": "miter",
          "strokeLinecap": "butt",
          "strokeMiterlimit": "10",
          "strokeWidth": 11.764949640287771
        }
      ],
      "properties": {
        "order": 23,
        "id": 0,
        "name": "vertical-line",
        "prevSize": 32
      },
      "setIdx": 0,
      "setId": 0,
      "iconIdx": 20
    }
  ],
  "height": 1024,
  "preferences": {
    "showGlyphs": true,
    "showQuickUse": true,
    "showQuickUse2": true,
    "showSVGs": true,
    "fontPref": {
      "prefix": "icon-",
      "metadata": {
        "fontFamily": "icomoon"
      },
      "metrics": {
        "emSize": 1024,
        "baseline": 6.25,
        "whitespace": 50
      },
      "embed": false
    },
    "imagePref": {
      "prefix": "icon-",
      "png": true,
      "useClassSelector": true,
      "color": 0,
      "bgColor": 16777215,
      "classSelector": ".icon",
      "name": "icomoon"
    },
    "historySize": 50,
    "showCodes": true,
    "gridSize": 16
  }
}